epoch,time,train/box_loss,train/seg_loss,train/cls_loss,train/dfl_loss,metrics/precision(B),metrics/recall(B),metrics/mAP50(B),metrics/mAP50-95(B),metrics/precision(M),metrics/recall(M),metrics/mAP50(M),metrics/mAP50-95(M),val/box_loss,val/seg_loss,val/cls_loss,val/dfl_loss,lr/pg0,lr/pg1,lr/pg2
1,1.90462,1.47229,2.00752,3.50118,1.03298,0.00417,0.09709,0.00229,0.00148,0.00458,0.1068,0.00255,0.00131,1.31065,1.25145,3.51907,0.9057,8e-05,8e-05,8e-05
2,3.86241,1.19152,1.41904,3.03714,0.92146,0.02917,0.67961,0.03299,0.01609,0.03167,0.73786,0.03814,0.01966,1.07018,1.35322,3.48943,0.88492,0.00017109,0.00017109,0.00017109
3,5.77033,1.19448,1.37711,2.28441,0.90104,0.04292,1,0.07519,0.0365,0.0425,0.99029,0.07657,0.03778,1.28253,1.17297,3.48348,0.89196,0.00025228,0.00025228,0.00025228
4,7.68112,1.20483,1.39527,1.63345,0.90312,0.04292,1,0.07731,0.04482,0.04292,1,0.07775,0.04844,1.05278,1.11091,3.44161,0.85696,0.00032357,0.00032357,0.00032357
5,9.55882,1.10936,1.32044,1.28561,0.88481,0.04292,1,0.07334,0.04024,0.04292,1,0.0731,0.04201,1.14316,1.14947,3.4163,0.8676,0.00038496,0.00038496,0.00038496
6,11.4191,1.02122,1.24712,1.03208,0.87764,0.04292,1,0.06485,0.03316,0.0425,0.99029,0.06419,0.03512,1.14061,1.1266,3.4145,0.87159,0.00043645,0.00043645,0.00043645
7,13.2834,1.01988,1.21759,0.9094,0.87637,0.0425,0.99029,0.05924,0.03572,0.0425,0.99029,0.05924,0.03666,0.99446,1.0395,3.34837,0.84841,0.00047804,0.00047804,0.00047804
8,15.1442,1.01591,1.1771,0.86817,0.87849,0.04292,1,0.05543,0.03381,0.04292,1,0.05488,0.03337,1.04498,1.06354,3.3222,0.8526,0.00050973,0.00050973,0.00050973
9,17.0366,0.91927,1.09388,0.80988,0.86787,0.0425,0.99029,0.06023,0.03635,0.0425,0.99029,0.06023,0.03494,0.97251,0.94888,3.30819,0.8429,0.00053152,0.00053152,0.00053152
